{
  "map50": 0.5117987089164794,
  "map": 0.3805874580980003,
  "precision": 0.6636729935458525,
  "recall": 0.45927509174681563
}