{
  "val_loss": 0.7994057472773961,
  "val_acc": 0.7406654357910156,
  "val_f1_macro": 0.7380529642105103,
  "test_loss": 0.7969963912963867,
  "test_acc": 0.742816686630249,
  "test_f1_macro": 0.7399435043334961
}