{
  "map50": 0.9529679613539361,
  "map": 0.7591395605307146,
  "precision": 0.8523341767336201,
  "recall": 0.9620273794483232
}