{
  "run_dir": "outputs_pennfudan_fast\\train",
  "best_weights": "outputs_pennfudan_fast\\train\\weights\\best.pt",
  "metrics": {
    "map50": 0.9416646371272478,
    "map": 0.7474214502796191,
    "precision": 0.9833317004658053,
    "recall": 0.7023121386779896
  }
}