{
  "val_loss": 0.9834806421279907,
  "val_acc": 0.6009023189544678,
  "val_f1_macro": 0.5984162092208862,
  "test_loss": 0.9851401082229614,
  "test_acc": 0.5994000434875488,
  "test_f1_macro": 0.5972585082054138
}