{
  "val_loss": 0.2759085233807564,
  "val_acc": 0.9089736938476562,
  "val_f1_macro": 0.9087031483650208,
  "test_loss": 0.2737451927912863,
  "test_acc": 0.9130263328552246,
  "test_f1_macro": 0.9127907752990723
}