{
  "map50": 0.6071667846709387,
  "map": 0.4477848806493725,
  "precision": 0.638501376988649,
  "recall": 0.5360859555477473
}