{
  "map50": 0.9771442646693419,
  "map": 0.8477884328781666,
  "precision": 0.9083937324296367,
  "recall": 0.9761904761904762
}