{
  "map50": 0.5655695709790732,
  "map": 0.4238649989394823,
  "precision": 0.7456008916794478,
  "recall": 0.47059754884520144
}